size,dep_density,budget_tightness,deadline_pressure,instance_seed,opt_risk,current_risk_risk,current_risk_feasible,current_risk_gap
45,0.1,0.4,0.1,1000,331,517,1,0.561934
45,0.1,0.4,0.1,8919,607,780,1,0.285008
45,0.1,0.4,0.1,16838,247,272,1,0.101215
45,0.1,0.4,0.1,24757,593,858,1,0.44688
45,0.1,0.4,0.1,32676,209,411,1,0.966507
45,0.1,0.4,0.1,40595,387,803,1,1.074935
45,0.1,0.4,0.1,48514,685,1224,1,0.786861
45,0.1,0.4,0.1,56433,542,645,1,0.190037
45,0.1,0.4,0.1,64352,376,658,1,0.75
45,0.1,0.4,0.1,72271,513,815,1,0.588694
45,0.1,0.4,0.1,80190,757,1373,1,0.813738
45,0.1,0.4,0.1,88109,214,441,1,1.060748
45,0.1,0.4,0.1,96028,420,473,1,0.12619
45,0.1,0.4,0.1,103947,283,479,1,0.69258
45,0.1,0.4,0.1,111866,589,1044,1,0.772496
45,0.1,0.4,0.1,119785,951,1701,1,0.788644
45,0.1,0.4,0.1,127704,385,578,1,0.501299
45,0.1,0.4,0.1,135623,907,1387,1,0.529217
45,0.1,0.4,0.1,143542,543,626,1,0.152855
45,0.1,0.4,0.1,151461,785,1184,1,0.50828
45,0.1,0.4,0.1,159380,732,1065,1,0.454918
45,0.1,0.4,0.1,167299,477,1055,1,1.21174
45,0.1,0.4,0.1,175218,387,564,1,0.457364
45,0.1,0.4,0.1,183137,961,1090,1,0.134235
45,0.1,0.4,0.1,191056,447,772,1,0.727069
45,0.1,0.4,0.1,198975,489,911,1,0.862986
45,0.1,0.4,0.1,206894,564,731,1,0.296099
45,0.1,0.4,0.1,214813,462,801,1,0.733766
45,0.1,0.4,0.1,222732,654,873,1,0.334862
45,0.1,0.4,0.1,230651,527,733,1,0.390892
45,0.1,0.4,0.4,1000,331,517,1,0.561934
45,0.1,0.4,0.4,8919,607,780,1,0.285008
45,0.1,0.4,0.4,16838,247,272,1,0.101215
45,0.1,0.4,0.4,24757,593,858,1,0.44688
45,0.1,0.4,0.4,32676,209,411,1,0.966507
45,0.1,0.4,0.4,40595,387,803,1,1.074935
45,0.1,0.4,0.4,48514,685,1224,1,0.786861
45,0.1,0.4,0.4,56433,542,645,1,0.190037
45,0.1,0.4,0.4,64352,376,658,1,0.75
45,0.1,0.4,0.4,72271,513,815,1,0.588694
45,0.1,0.4,0.4,80190,757,1373,1,0.813738
45,0.1,0.4,0.4,88109,214,441,1,1.060748
45,0.1,0.4,0.4,96028,420,473,1,0.12619
45,0.1,0.4,0.4,103947,283,479,1,0.69258
45,0.1,0.4,0.4,111866,589,1044,1,0.772496
45,0.1,0.4,0.4,119785,951,1701,1,0.788644
45,0.1,0.4,0.4,127704,385,578,1,0.501299
45,0.1,0.4,0.4,135623,907,1387,1,0.529217
45,0.1,0.4,0.4,143542,543,626,1,0.152855
45,0.1,0.4,0.4,151461,785,1184,1,0.50828
45,0.1,0.4,0.4,159380,732,1065,1,0.454918
45,0.1,0.4,0.4,167299,477,1055,1,1.21174
45,0.1,0.4,0.4,175218,387,564,1,0.457364
45,0.1,0.4,0.4,183137,961,1090,1,0.134235
45,0.1,0.4,0.4,191056,447,772,1,0.727069
45,0.1,0.4,0.4,198975,489,911,1,0.862986
45,0.1,0.4,0.4,206894,564,731,1,0.296099
45,0.1,0.4,0.4,214813,462,801,1,0.733766
45,0.1,0.4,0.4,222732,654,873,1,0.334862
45,0.1,0.4,0.4,230651,527,733,1,0.390892
45,0.1,0.4,0.8,1000,331,517,1,0.561934
45,0.1,0.4,0.8,8919,607,780,1,0.285008
45,0.1,0.4,0.8,16838,247,272,1,0.101215
45,0.1,0.4,0.8,24757,593,858,1,0.44688
45,0.1,0.4,0.8,32676,209,411,1,0.966507
45,0.1,0.4,0.8,40595,387,803,1,1.074935
45,0.1,0.4,0.8,48514,685,1224,1,0.786861
45,0.1,0.4,0.8,56433,542,645,1,0.190037
45,0.1,0.4,0.8,64352,376,658,1,0.75
45,0.1,0.4,0.8,72271,513,815,1,0.588694
45,0.1,0.4,0.8,80190,757,1373,1,0.813738
45,0.1,0.4,0.8,88109,214,441,1,1.060748
45,0.1,0.4,0.8,96028,420,473,1,0.12619
45,0.1,0.4,0.8,103947,283,479,0,
45,0.1,0.4,0.8,111866,589,1044,1,0.772496
45,0.1,0.4,0.8,119785,951,1701,1,0.788644
45,0.1,0.4,0.8,127704,385,578,1,0.501299
45,0.1,0.4,0.8,135623,907,1387,1,0.529217
45,0.1,0.4,0.8,143542,543,626,1,0.152855
45,0.1,0.4,0.8,151461,785,1184,1,0.50828
45,0.1,0.4,0.8,159380,732,1065,1,0.454918
45,0.1,0.4,0.8,167299,477,1055,1,1.21174
45,0.1,0.4,0.8,175218,387,564,1,0.457364
45,0.1,0.4,0.8,183137,961,1090,1,0.134235
45,0.1,0.4,0.8,191056,447,772,1,0.727069
45,0.1,0.4,0.8,198975,489,911,1,0.862986
45,0.1,0.4,0.8,206894,564,731,1,0.296099
45,0.1,0.4,0.8,214813,462,801,1,0.733766
45,0.1,0.4,0.8,222732,654,873,1,0.334862
45,0.1,0.4,0.8,230651,527,733,1,0.390892
45,0.1,0.6,0.1,1000,731,1143,1,0.563611
45,0.1,0.6,0.1,8919,1196,1585,1,0.325251
45,0.1,0.6,0.1,16838,397,497,1,0.251889
45,0.1,0.6,0.1,24757,1258,1690,1,0.343402
45,0.1,0.6,0.1,32676,518,926,1,0.787645
45,0.1,0.6,0.1,40595,840,1588,1,0.890476
45,0.1,0.6,0.1,48514,1453,2073,1,0.426703
45,0.1,0.6,0.1,56433,937,1134,1,0.210245
45,0.1,0.6,0.1,64352,691,1441,1,1.085384
45,0.1,0.6,0.1,72271,837,1497,1,0.78853
45,0.1,0.6,0.1,184919,1858,2393,1,0.287944
45,0.1,0.6,0.1,88109,549,1093,1,0.990893
45,0.1,0.6,0.1,96028,727,912,1,0.25447
45,0.1,0.6,0.1,103947,517,904,1,0.748549
45,0.1,0.6,0.1,111866,1149,1778,1,0.547433
45,0.1,0.6,0.1,119785,1709,3255,1,0.904623
45,0.1,0.6,0.1,127704,698,1037,1,0.485673
45,0.1,0.6,0.1,135623,1543,2579,1,0.671419
45,0.1,0.6,0.1,143542,958,1377,1,0.43737
45,0.1,0.6,0.1,151461,1193,1761,1,0.476111
45,0.1,0.6,0.1,159380,1174,1638,1,0.39523
45,0.1,0.6,0.1,167299,1072,2181,1,1.034515
45,0.1,0.6,0.1,175218,652,957,1,0.467791
45,0.1,0.6,0.1,183137,1547,1813,1,0.171946
45,0.1,0.6,0.1,191056,783,1339,1,0.710089
45,0.1,0.6,0.1,198975,849,1664,1,0.959953
45,0.1,0.6,0.1,206894,933,1159,1,0.242229
45,0.1,0.6,0.1,214813,853,1177,1,0.379836
45,0.1,0.6,0.1,222732,1255,1544,1,0.230279
45,0.1,0.6,0.1,230651,882,1290,1,0.462585
45,0.1,0.6,0.4,1000,731,1143,1,0.563611
45,0.1,0.6,0.4,8919,1196,1585,1,0.325251
45,0.1,0.6,0.4,16838,397,497,1,0.251889
45,0.1,0.6,0.4,24757,1258,1690,1,0.343402
45,0.1,0.6,0.4,32676,518,926,1,0.787645
45,0.1,0.6,0.4,40595,840,1588,1,0.890476
45,0.1,0.6,0.4,48514,1453,2073,1,0.426703
45,0.1,0.6,0.4,56433,937,1134,1,0.210245
45,0.1,0.6,0.4,64352,691,1441,1,1.085384
45,0.1,0.6,0.4,72271,837,1497,1,0.78853
45,0.1,0.6,0.4,184919,1858,2393,1,0.287944
45,0.1,0.6,0.4,88109,549,1093,1,0.990893
45,0.1,0.6,0.4,96028,727,912,1,0.25447
45,0.1,0.6,0.4,103947,517,904,1,0.748549
45,0.1,0.6,0.4,111866,1149,1778,1,0.547433
45,0.1,0.6,0.4,119785,1709,3255,1,0.904623
45,0.1,0.6,0.4,127704,698,1037,1,0.485673
45,0.1,0.6,0.4,135623,1543,2579,1,0.671419
45,0.1,0.6,0.4,143542,958,1377,1,0.43737
45,0.1,0.6,0.4,151461,1193,1761,1,0.476111
45,0.1,0.6,0.4,159380,1174,1638,1,0.39523
45,0.1,0.6,0.4,167299,1072,2181,1,1.034515
45,0.1,0.6,0.4,175218,652,957,1,0.467791
45,0.1,0.6,0.4,183137,1547,1813,1,0.171946
45,0.1,0.6,0.4,191056,783,1339,1,0.710089
45,0.1,0.6,0.4,198975,849,1664,1,0.959953
45,0.1,0.6,0.4,206894,933,1159,1,0.242229
45,0.1,0.6,0.4,214813,853,1177,1,0.379836
45,0.1,0.6,0.4,222732,1255,1544,1,0.230279
45,0.1,0.6,0.4,230651,882,1290,1,0.462585
45,0.1,0.6,0.8,1000,732,1143,0,
45,0.1,0.6,0.8,8919,1214,1585,0,
45,0.1,0.6,0.8,16838,397,497,0,
45,0.1,0.6,0.8,24757,1287,1690,0,
45,0.1,0.6,0.8,32676,520,926,0,
45,0.1,0.6,0.8,40595,881,1588,0,
45,0.1,0.6,0.8,48514,1462,2073,0,
45,0.1,0.6,0.8,56433,964,1134,0,
45,0.1,0.6,0.8,64352,691,1441,0,
45,0.1,0.6,0.8,72271,845,1497,0,
45,0.1,0.6,0.8,184919,1881,2393,0,
45,0.1,0.6,0.8,88109,552,1093,0,
45,0.1,0.6,0.8,96028,727,912,0,
45,0.1,0.6,0.8,103947,551,904,0,
45,0.1,0.6,0.8,111866,1160,1778,0,
45,0.1,0.6,0.8,119785,1726,3255,0,
45,0.1,0.6,0.8,127704,705,1037,0,
45,0.1,0.6,0.8,135623,1561,2579,0,
45,0.1,0.6,0.8,143542,958,1377,1,0.43737
45,0.1,0.6,0.8,151461,1194,1761,0,
45,0.1,0.6,0.8,159380,1174,1638,0,
45,0.1,0.6,0.8,167299,1072,2181,0,
45,0.1,0.6,0.8,175218,657,957,0,
45,0.1,0.6,0.8,183137,1587,1813,0,
45,0.1,0.6,0.8,191056,783,1339,0,
45,0.1,0.6,0.8,198975,866,1664,0,
45,0.1,0.6,0.8,206894,943,1159,0,
45,0.1,0.6,0.8,214813,863,1177,0,
45,0.1,0.6,0.8,222732,1277,1544,0,
45,0.1,0.6,0.8,230651,882,1290,0,
45,0.1,0.8,0.1,1000,1278,1882,1,0.472613
45,0.1,0.8,0.1,113648,1332,2356,1,0.768769
45,0.1,0.8,0.1,16838,932,1150,1,0.233906
45,0.1,0.8,0.1,24757,2106,3196,1,0.517569
45,0.1,0.8,0.1,32676,1030,1658,1,0.609709
45,0.1,0.8,0.1,145324,1852,3195,1,0.725162
45,0.1,0.8,0.1,48514,2462,3450,1,0.4013
45,0.1,0.8,0.1,161162,2040,3594,1,0.761765
45,0.1,0.8,0.1,64352,2044,2969,1,0.452544
45,0.1,0.8,0.1,72271,1407,2410,1,0.712864
45,0.1,0.8,0.1,184919,3157,4520,1,0.431739
45,0.1,0.8,0.1,192838,2330,3301,1,0.416738
45,0.1,0.8,0.1,96028,1299,1728,1,0.330254
45,0.1,0.8,0.1,313405,1686,2447,1,0.451364
45,0.1,0.8,0.1,111866,1742,2495,1,0.432262
45,0.1,0.8,0.1,119785,2951,4742,1,0.606913
45,0.1,0.8,0.1,232433,1845,2225,1,0.205962
45,0.1,0.8,0.1,240352,2049,3169,1,0.546608
45,0.1,0.8,0.1,143542,1762,2566,1,0.4563
45,0.1,0.8,0.1,256190,1581,1786,1,0.129665
45,0.1,0.8,0.1,159380,2504,3157,1,0.260783
45,0.1,0.8,0.1,167299,2027,3488,1,0.72077
45,0.1,0.8,0.1,175218,1141,1833,1,0.606486
45,0.1,0.8,0.1,183137,2318,2505,1,0.080673
45,0.1,0.8,0.1,191056,1319,2171,1,0.645944
45,0.1,0.8,0.1,198975,1317,2346,1,0.781321
45,0.1,0.8,0.1,206894,1557,1923,1,0.235067
45,0.1,0.8,0.1,214813,1113,1478,1,0.327942
45,0.1,0.8,0.1,222732,2012,2412,1,0.198807
45,0.1,0.8,0.1,230651,1725,1924,1,0.115362
45,0.1,0.8,0.4,1000,1278,1882,1,0.472613
45,0.1,0.8,0.4,113648,1332,2356,1,0.768769
45,0.1,0.8,0.4,16838,934,1150,0,
45,0.1,0.8,0.4,24757,2106,3196,1,0.517569
45,0.1,0.8,0.4,32676,1030,1658,1,0.609709
45,0.1,0.8,0.4,145324,1852,3195,1,0.725162
45,0.1,0.8,0.4,48514,2462,3450,1,0.4013
45,0.1,0.8,0.4,161162,2040,3594,1,0.761765
45,0.1,0.8,0.4,169081,1767,6061,0,
45,0.1,0.8,0.4,72271,1407,2410,1,0.712864
45,0.1,0.8,0.4,184919,3157,4520,0,
45,0.1,0.8,0.4,192838,2330,3301,1,0.416738
45,0.1,0.8,0.4,96028,1299,1728,1,0.330254
45,0.1,0.8,0.4,208676,2399,3539,1,0.475198
45,0.1,0.8,0.4,111866,1742,2495,1,0.432262
45,0.1,0.8,0.4,119785,2951,4742,1,0.606913
45,0.1,0.8,0.4,232433,1845,2225,1,0.205962
45,0.1,0.8,0.4,240352,2049,3169,1,0.546608
45,0.1,0.8,0.4,143542,1762,2566,0,
45,0.1,0.8,0.4,360919,2761,3631,1,0.315103
45,0.1,0.8,0.4,264109,1698,2649,1,0.560071
45,0.1,0.8,0.4,167299,2027,3488,0,
45,0.1,0.8,0.4,175218,1141,1833,1,0.606486
45,0.1,0.8,0.4,183137,2318,2505,1,0.080673
45,0.1,0.8,0.4,191056,1319,2171,1,0.645944
45,0.1,0.8,0.4,198975,1317,2346,1,0.781321
45,0.1,0.8,0.4,206894,1557,1923,1,0.235067
45,0.1,0.8,0.4,214813,1113,1478,1,0.327942
45,0.1,0.8,0.4,222732,2012,2412,1,0.198807
45,0.1,0.8,0.4,230651,1725,1924,1,0.115362
45,0.1,0.8,0.8,1000,1304,1882,0,
45,0.1,0.8,0.8,113648,1519,2356,0,
45,0.1,0.8,0.8,16838,962,1150,0,
45,0.1,0.8,0.8,24757,2201,3196,0,
45,0.1,0.8,0.8,32676,1102,1658,0,
45,0.1,0.8,0.8,145324,1935,3195,0,
45,0.1,0.8,0.8,48514,2550,3450,0,
45,0.1,0.8,0.8,161162,2071,3594,0,
45,0.1,0.8,0.8,169081,1790,6061,0,
45,0.1,0.8,0.8,72271,1523,2410,0,
45,0.1,0.8,0.8,184919,3364,4520,0,
45,0.1,0.8,0.8,192838,2704,3301,0,
45,0.1,0.8,0.8,96028,1588,1728,0,
45,0.1,0.8,0.8,313405,1774,2447,0,
45,0.1,0.8,0.8,111866,1861,2495,0,
45,0.1,0.8,0.8,119785,3027,4742,0,
45,0.1,0.8,0.8,232433,2042,2225,0,
45,0.1,0.8,0.8,240352,2078,3169,0,
45,0.1,0.8,0.8,143542,1886,2566,0,
45,0.1,0.8,0.8,360919,2802,3631,0,
45,0.1,0.8,0.8,264109,1870,2649,0,
45,0.1,0.8,0.8,167299,2215,3488,0,
45,0.1,0.8,0.8,175218,1145,1833,0,
45,0.1,0.8,0.8,183137,2603,2505,0,
45,0.1,0.8,0.8,191056,1371,2171,0,
45,0.1,0.8,0.8,198975,1395,2346,0,
45,0.1,0.8,0.8,206894,1811,1923,0,
45,0.1,0.8,0.8,214813,1193,1478,0,
45,0.1,0.8,0.8,222732,2147,2412,0,
45,0.1,0.8,0.8,335380,1843,2110,0,
45,0.1,0.95,0.1,1000,1882,2596,1,0.379384
45,0.1,0.95,0.1,113648,1332,2356,1,0.768769
45,0.1,0.95,0.1,16838,1341,1751,1,0.305742
45,0.1,0.95,0.1,24757,4135,4907,1,0.186699
45,0.1,0.95,0.1,32676,1844,2569,1,0.393167
45,0.1,0.95,0.1,145324,2689,4218,1,0.568613
45,0.1,0.95,0.1,48514,2462,3450,1,0.4013
45,0.1,0.95,0.1,161162,2984,4816,1,0.613941
45,0.1,0.95,0.1,64352,2044,2969,1,0.452544
45,0.1,0.95,0.1,72271,1633,2815,1,0.723821
45,0.1,0.95,0.1,184919,3612,4797,1,0.328073
45,0.1,0.95,0.1,192838,3106,4294,1,0.382486
45,0.1,0.95,0.1,96028,1526,2018,1,0.322412
45,0.1,0.95,0.1,313405,2336,3627,1,0.552654
45,0.1,0.95,0.1,111866,1742,2495,1,0.432262
45,0.1,0.95,0.1,119785,3311,5025,1,0.517668
45,0.1,0.95,0.1,337162,2758,3706,1,0.343727
45,0.1,0.95,0.1,240352,2400,3902,1,0.625833
45,0.1,0.95,0.1,143542,2045,2983,1,0.45868
45,0.1,0.95,0.1,256190,2051,2423,1,0.181375
45,0.1,0.95,0.1,159380,3050,3578,1,0.173115
45,0.1,0.95,0.4,1000,1884,2596,0,
45,0.1,0.95,0.4,113648,1332,2356,1,0.768769
45,0.1,0.95,0.4,16838,1351,1751,0,
45,0.1,0.95,0.4,234215,3303,4793,1,0.451105
45,0.1,0.95,0.4,32676,1848,2569,0,
45,0.1,0.95,0.4,145324,2689,4218,0,
45,0.1,0.95,0.4,48514,2462,3450,1,0.4013
45,0.1,0.95,0.4,161162,2987,4816,1,0.61232
45,0.1,0.95,0.4,169081,1767,6061,0,
45,0.1,0.95,0.4,72271,1633,2815,1,0.723821
45,0.1,0.95,0.4,184919,3621,4797,0,
45,0.1,0.95,0.4,192838,3107,4294,0,
45,0.1,0.95,0.4,96028,1538,2018,1,0.312094
45,0.1,0.95,0.4,208676,3086,4463,1,0.446209
45,0.1,0.95,0.4,111866,1742,2495,1,0.432262
45,0.1,0.95,0.4,119785,3311,5025,1,0.517668
45,0.1,0.95,0.4,337162,2775,3706,0,
45,0.1,0.95,0.4,240352,2403,3902,1,0.623804
45,0.1,0.95,0.8,1000,1969,2596,0,
45,0.1,0.95,0.8,113648,1519,2356,0,
45,0.1,0.95,0.8,16838,1463,1751,0,
45,0.1,0.95,0.8,338944,2505,3266,0,
45,0.1,0.95,0.8,32676,2218,2569,0,
45,0.1,0.95,0.8,145324,2857,4218,0,
45,0.1,0.95,0.8,48514,2550,3450,0,
45,0.1,0.95,0.8,161162,3148,4816,0,
45,0.1,0.95,0.8,169081,1790,6061,0,
45,0.1,0.95,0.8,72271,1862,2815,0,
45,0.1,0.95,0.8,184919,3958,4797,0,
45,0.1,0.95,0.8,192838,3873,4294,0,
45,0.1,0.95,0.8,313405,2515,3627,0,
45,0.1,0.95,0.8,111866,1861,2495,0,
45,0.1,0.95,0.8,119785,3459,5025,0,
45,0.1,0.95,0.8,337162,2824,3706,0,
45,0.1,0.95,0.8,240352,2507,3902,0,
45,0.4,0.4,0.1,1000,1070,1626,1,0.519626
45,0.4,0.4,0.1,8919,1805,12048,0,
45,0.4,0.4,0.1,16838,1806,7679,0,
45,0.4,0.4,0.1,24757,2846,3092,1,0.086437
45,0.4,0.4,0.1,137405,809,1132,1,0.399258
45,0.4,0.4,0.1,40595,671,8676,0,
45,0.4,0.4,0.1,48514,2006,2535,1,0.263709
45,0.4,0.4,0.1,161162,2369,3024,1,0.276488
45,0.4,0.4,0.1,64352,655,3628,0,
45,0.4,0.4,0.1,72271,824,1527,1,0.853155
45,0.4,0.4,0.1,80190,1093,1484,1,0.357731
45,0.4,0.4,0.1,88109,918,1177,1,0.282135
45,0.4,0.4,0.1,96028,650,1533,1,1.358462
45,0.4,0.4,0.1,103947,510,896,1,0.756863
45,0.4,0.4,0.1,111866,815,1227,1,0.505521
45,0.4,0.4,0.1,224514,1409,4111,0,
45,0.4,0.4,0.1,127704,1047,1345,1,0.284623
45,0.4,0.4,0.1,135623,1775,2278,1,0.28338
45,0.4,0.4,0.4,1000,1070,1626,1,0.519626
45,0.4,0.4,0.4,8919,1805,12048,0,
45,0.4,0.4,0.4,16838,1806,7679,0,
45,0.4,0.4,0.4,24757,2846,3092,1,0.086437
45,0.4,0.4,0.4,137405,809,1132,1,0.399258
45,0.4,0.4,0.4,40595,671,8676,0,
45,0.4,0.4,0.4,48514,2006,2535,1,0.263709
45,0.4,0.4,0.4,161162,2369,3024,1,0.276488
45,0.4,0.4,0.4,64352,655,3628,0,
45,0.4,0.4,0.4,72271,824,1527,1,0.853155
45,0.4,0.4,0.4,80190,1093,1484,1,0.357731
45,0.4,0.4,0.4,88109,918,1177,1,0.282135
45,0.4,0.4,0.4,96028,650,1533,1,1.358462
45,0.4,0.4,0.4,103947,510,896,1,0.756863
45,0.4,0.4,0.4,111866,815,1227,1,0.505521
45,0.4,0.4,0.4,224514,1409,4111,0,
45,0.4,0.4,0.4,127704,1047,1345,1,0.284623
45,0.4,0.4,0.4,135623,1775,2278,1,0.28338
45,0.4,0.4,0.8,1000,1070,1626,0,
45,0.4,0.4,0.8,8919,1815,12048,0,
45,0.4,0.4,0.8,16838,1806,7679,0,
45,0.4,0.4,0.8,24757,2867,3092,1,0.078479
45,0.4,0.4,0.8,137405,809,1132,0,
45,0.4,0.4,0.8,40595,671,8676,0,
45,0.4,0.4,0.8,48514,2067,2535,0,
45,0.4,0.4,0.8,161162,2389,3024,0,
45,0.4,0.4,0.8,64352,655,3628,0,
45,0.4,0.4,0.8,72271,824,1527,1,0.853155
45,0.4,0.4,0.8,80190,1093,1484,1,0.357731
45,0.4,0.4,0.8,88109,918,1177,1,0.282135
45,0.4,0.4,0.8,96028,650,1533,1,1.358462
45,0.4,0.4,0.8,103947,510,896,1,0.756863
45,0.4,0.4,0.8,111866,815,1227,1,0.505521
45,0.4,0.4,0.8,224514,1409,4111,0,
45,0.4,0.4,0.8,127704,1047,1345,1,0.284623
45,0.4,0.4,0.8,135623,1775,2278,1,0.28338
45,0.4,0.6,0.1,1000,2164,3372,1,0.558226
45,0.4,0.6,0.1,8919,2386,12054,0,
45,0.4,0.6,0.1,121567,1303,2152,1,0.651573
45,0.4,0.6,0.1,24757,3908,4327,1,0.107216
45,0.4,0.6,0.1,137405,1422,2422,1,0.703235
45,0.4,0.6,0.1,250053,1063,1854,1,0.74412
45,0.4,0.6,0.1,48514,3323,4281,1,0.288294
45,0.4,0.6,0.1,161162,3146,4108,1,0.305785
45,0.4,0.6,0.1,273810,2230,3083,1,0.382511
45,0.4,0.6,0.1,72271,1621,2810,1,0.733498
45,0.4,0.6,0.1,80190,1846,3169,1,0.716685
45,0.4,0.6,0.1,88109,1245,1987,1,0.595984
45,0.4,0.6,0.1,96028,1275,2890,1,1.266667
45,0.4,0.6,0.1,103947,1146,1813,1,0.582024
45,0.4,0.6,0.1,111866,1389,2378,1,0.712023
45,0.4,0.6,0.1,127704,1469,2171,1,0.477876
45,0.4,0.6,0.1,135623,2496,3051,1,0.222356
45,0.4,0.6,0.4,1000,2164,3372,1,0.558226
45,0.4,0.6,0.4,8919,2386,12054,0,
45,0.4,0.6,0.4,121567,1303,2152,1,0.651573
45,0.4,0.6,0.4,24757,3908,4327,1,0.107216
45,0.4,0.6,0.4,137405,1422,2422,1,0.703235
45,0.4,0.6,0.4,250053,1063,1854,1,0.74412
45,0.4,0.6,0.4,48514,3323,4281,1,0.288294
45,0.4,0.6,0.4,161162,3146,4108,1,0.305785
45,0.4,0.6,0.4,273810,2230,3083,1,0.382511
45,0.4,0.6,0.4,72271,1621,2810,1,0.733498
45,0.4,0.6,0.4,80190,1846,3169,1,0.716685
45,0.4,0.6,0.4,88109,1245,1987,1,0.595984
45,0.4,0.6,0.4,96028,1275,2890,1,1.266667
45,0.4,0.6,0.4,103947,1146,1813,1,0.582024
45,0.4,0.6,0.4,111866,1389,2378,1,0.712023
45,0.4,0.6,0.4,127704,1469,2171,1,0.477876
45,0.4,0.6,0.4,135623,2496,3051,1,0.222356
45,0.4,0.6,0.8,1000,2227,3372,0,
45,0.4,0.6,0.8,113648,1431,8198,0,
45,0.4,0.6,0.8,121567,1303,2152,0,
45,0.4,0.6,0.8,24757,4450,4327,0,
45,0.4,0.6,0.8,137405,1606,2422,0,
45,0.4,0.6,0.8,250053,1069,1854,0,
45,0.4,0.6,0.8,257972,2063,2693,0,
45,0.4,0.6,0.8,161162,3366,4108,0,
45,0.4,0.6,0.8,273810,2327,3083,0,
45,0.4,0.6,0.8,72271,1742,2810,0,
45,0.4,0.6,0.8,80190,1846,3169,1,0.716685
45,0.4,0.6,0.8,88109,1245,1987,0,
45,0.4,0.6,0.8,96028,1279,2890,0,
45,0.4,0.6,0.8,103947,1146,1813,0,
45,0.4,0.6,0.8,111866,1389,2378,0,
45,0.4,0.6,0.8,224514,2467,4891,0,
45,0.4,0.6,0.8,127704,1556,2171,0,
45,0.4,0.6,0.8,135623,2520,3051,0,
45,0.4,0.8,0.1,1000,3352,5374,1,0.603222
45,0.4,0.8,0.1,121567,1795,2867,1,0.597214
45,0.4,0.8,0.1,24757,5245,5599,1,0.067493
45,0.4,0.8,0.1,137405,2417,3721,1,0.539512
45,0.4,0.8,0.1,250053,1783,2731,1,0.531688
45,0.4,0.8,0.1,48514,4727,5767,1,0.220013
45,0.4,0.8,0.1,161162,3777,4956,1,0.312153
45,0.4,0.8,0.1,273810,3301,5750,1,0.741896
45,0.4,0.8,0.1,72271,3975,5242,1,0.318742
45,0.4,0.8,0.1,80190,3014,4952,1,0.642999
45,0.4,0.8,0.1,88109,1665,2475,1,0.486486
45,0.4,0.8,0.1,96028,2171,4149,1,0.911101
45,0.4,0.8,0.1,103947,2848,4105,1,0.441362
45,0.4,0.8,0.1,111866,2159,3519,1,0.629921
45,0.4,0.8,0.1,433972,1464,3090,1,1.110656
45,0.4,0.8,0.1,127704,2292,3974,1,0.733857
45,0.4,0.8,0.1,135623,3747,4423,1,0.180411
45,0.4,0.8,0.4,1000,3352,5374,0,
45,0.4,0.8,0.4,121567,1795,2867,1,0.597214
45,0.4,0.8,0.4,24757,5264,5599,0,
45,0.4,0.8,0.4,250053,1783,2731,1,0.531688
45,0.4,0.8,0.4,48514,4727,5767,1,0.220013
45,0.4,0.8,0.4,161162,3777,4956,1,0.312153
45,0.4,0.8,0.4,273810,3301,5750,0,
45,0.4,0.8,0.4,177000,2561,3190,1,0.245607
45,0.4,0.8,0.4,80190,3014,4952,1,0.642999
45,0.4,0.8,0.4,88109,1665,2475,1,0.486486
45,0.4,0.8,0.4,96028,2171,4149,0,
45,0.4,0.8,0.4,208676,5034,5916,1,0.175209
45,0.4,0.8,0.4,111866,2159,3519,1,0.629921
45,0.4,0.8,0.4,433972,1464,3090,0,
45,0.4,0.8,0.4,127704,2292,3974,1,0.733857
45,0.4,0.8,0.4,135623,3747,4423,1,0.180411
45,0.4,0.8,0.8,105729,2257,2807,0,
45,0.4,0.8,0.8,427835,2241,3220,0,
45,0.4,0.8,0.8,121567,1795,2867,0,
45,0.4,0.8,0.8,757860,6611,5951,0,
45,0.4,0.8,0.8,137405,3452,3721,0,
45,0.4,0.8,0.8,250053,1884,2731,0,
45,0.4,0.8,0.8,257972,4564,4412,0,
45,0.4,0.8,0.8,161162,4540,4956,0,
45,0.4,0.8,0.8,273810,3913,5750,0,
45,0.4,0.8,0.8,177000,2662,3190,0,
45,0.4,0.8,0.8,80190,3163,4952,0,
45,0.4,0.8,0.8,88109,1691,2475,0,
45,0.4,0.8,0.8,96028,2323,4149,0,
45,0.4,0.8,0.8,313405,3396,7045,0,
45,0.4,0.8,0.8,111866,2176,3519,0,
45,0.4,0.8,0.8,433972,1533,3090,0,
45,0.4,0.8,0.8,127704,3105,3974,0,
45,0.4,0.8,0.8,135623,4392,4423,0,
45,0.4,0.95,0.1,1000,4598,7360,1,0.600696
45,0.4,0.95,0.1,427835,2886,4319,1,0.496535
45,0.4,0.95,0.1,121567,1795,2867,1,0.597214
45,0.4,0.95,0.1,234215,6200,7496,1,0.209032
45,0.4,0.95,0.1,137405,3914,5120,1,0.308125
45,0.4,0.95,0.1,250053,2362,3132,1,0.325995
45,0.4,0.95,0.1,48514,4727,5767,1,0.220013
45,0.4,0.95,0.1,161162,4684,5667,1,0.209863
45,0.4,0.95,0.1,273810,3668,6272,1,0.709924
45,0.4,0.95,0.1,72271,4280,5428,1,0.268224
45,0.4,0.95,0.1,80190,3745,6064,1,0.619226
45,0.4,0.95,0.1,88109,1665,2475,1,0.486486
45,0.4,0.95,0.1,103947,3993,5282,1,0.322815
45,0.4,0.95,0.1,111866,2159,3519,1,0.629921
45,0.4,0.95,0.1,433972,2053,3639,1,0.772528
45,0.4,0.95,0.1,127704,2526,4121,1,0.631433
45,0.4,0.95,0.1,135623,4867,7108,1,0.460448
45,0.4,0.95,0.4,1000,4613,7360,0,
45,0.4,0.95,0.4,427835,2895,4319,0,
45,0.4,0.95,0.4,121567,1795,2867,1,0.597214
45,0.4,0.95,0.4,234215,6200,7496,0,
45,0.4,0.95,0.4,250053,2370,3132,0,
45,0.4,0.95,0.4,48514,4727,5767,1,0.220013
45,0.4,0.95,0.4,161162,4781,5667,0,
45,0.4,0.95,0.4,273810,3668,6272,0,
45,0.4,0.95,0.4,177000,3415,4161,0,
45,0.4,0.95,0.4,80190,3752,6064,1,0.616205
45,0.4,0.95,0.4,88109,1665,2475,1,0.486486
45,0.4,0.95,0.4,313405,3874,7815,0,
45,0.4,0.95,0.4,111866,2159,3519,1,0.629921
45,0.4,0.95,0.4,433972,2053,3639,0,
45,0.4,0.95,0.4,127704,2526,4121,0,
